saved_at,section,game,player,final_chips,buy_ins,balance,payer,receiver,amount,chip_count,buy_in,chip_value
2026-09-11T12:06:00,SETTINGS,,,,,,,,,4,4,1.0
2026-09-11T12:06:00,GAME,1,a,5,1,,,,,,,
2026-09-11T12:06:00,GAME,1,b,10,1,,,,,,,
2026-09-11T12:06:00,GAME,1,c,2,1,,,,,,,
2026-09-11T12:06:00,GAME,1,d,3,1,,,,,,,
2026-09-11T12:06:00,GAME,1,e,7,1,,,,,,,
2026-09-11T12:06:00,GAME,1,f,1,1,,,,,,,
2026-09-11T12:06:00,GAME,1,g,0,1,,,,,,,
2026-09-11T12:06:00,GAME,1,h,8,1,,,,,,,
2026-09-11T12:06:00,GAME,1,i,2,1,,,,,,,
2026-09-11T12:06:00,GAME,1,j,2,1,,,,,,,
2026-09-11T12:06:00,BALANCE,,a,,,1.0,,,,,,
2026-09-11T12:06:00,BALANCE,,b,,,6.0,,,,,,
2026-09-11T12:06:00,BALANCE,,c,,,-2.0,,,,,,
2026-09-11T12:06:00,BALANCE,,d,,,-1.0,,,,,,
2026-09-11T12:06:00,BALANCE,,e,,,3.0,,,,,,
2026-09-11T12:06:00,BALANCE,,f,,,-3.0,,,,,,
2026-09-11T12:06:00,BALANCE,,g,,,-4.0,,,,,,
2026-09-11T12:06:00,BALANCE,,h,,,4.0,,,,,,
2026-09-11T12:06:00,BALANCE,,i,,,-2.0,,,,,,
2026-09-11T12:06:00,BALANCE,,j,,,-2.0,,,,,,
2026-09-11T12:06:00,TRANSFER,,,,,,d,a,1.0,,,
2026-09-11T12:06:00,TRANSFER,,,,,,c,b,2.0,,,
2026-09-11T12:06:00,TRANSFER,,,,,,g,b,4.0,,,
2026-09-11T12:06:00,TRANSFER,,,,,,f,e,3.0,,,
2026-09-11T12:06:00,TRANSFER,,,,,,i,h,2.0,,,
2026-09-11T12:06:00,TRANSFER,,,,,,j,h,2.0,,,
